consumer,cuisines_name,restraunt_name,restraunt_cuisines
U1001,American,"El Rincon De San Francisco",Mexican
U1001,American,"Puesto De Tacos",Mexican
U1001,American,"Restaurant De Mariscos De Picon",Seafood
U1001,American,"Tortas Locas Hipocampo","Fast Food"
U1002,Mexican,Crudalia,Bar
U1002,Mexican,"El Pueblito",Mexican
U1002,Mexican,"El RincÃ³n De San Francisco",Mexican
U1002,Mexican,"La Cantina Restaurante",Bar
U1002,Mexican,"La Cantina Restaurante",Brewery
U1002,Mexican,"La Posada Del Virrey",International
U1002,Mexican,"Luna Cafe",Bar
U1002,Mexican,"Luna Cafe",Cafeteria
U1002,Mexican,"Puesto De Tacos",Mexican
U1002,Mexican,"Restaurant Bar Hacienda Los Martinez",Bar
U1002,Mexican,"Tortas Locas Hipocampo","Fast Food"
U1003,Mexican,"Cabana Huasteca",Mexican
U1003,Mexican,"Cafe Punta Del Cielo",Cafeteria
U1003,Mexican,"Gordas De Morales",Mexican
U1003,Mexican,"Koye Sushi",Chinese
U1003,Mexican,"La Estrella De Dimas",Mexican
U1003,Mexican,"La Posada Del Virrey",International
U1003,Mexican,"Luna Cafe",Bar
U1003,Mexican,"Luna Cafe",Cafeteria
U1003,Mexican,"Mariscos El Pescador",Seafood
U1003,Mexican,"Puesto De Tacos",Mexican
U1003,Mexican,"Restaurant Bar Hacienda Los Martinez",Bar
U1003,Mexican,"Rockabilly ",Bar
U1004,"Japanese,Mexican,Contemporary,Bakery,Cafeteria,Breakfast,Continental,Coffee Shop,Bagels","Cafeteria Y Restaurant El Pacifico",Cafeteria
U1004,"Breakfast,Continental,Bakery,Japanese,Contemporary,Coffee Shop,Cafeteria,Bagels,Mexican","Cafeteria Y Restaurant El Pacifico",Contemporary
U1004,"Contemporary,Continental,Bakery,Breakfast,Cafeteria,Coffee Shop,Bagels,Japanese,Mexican","El RincÃ³n De San Francisco",Mexican
U1004,"Bakery,Cafeteria,Breakfast,Contemporary,Japanese,Mexican,Bagels,Coffee Shop,Continental",Emilianos,Brewery
U1004,"Bakery,Contemporary,Continental,Japanese,Cafeteria,Breakfast,Bagels,Mexican,Coffee Shop","La Parroquia",Breakfast
U1004,"Mexican,Breakfast,Japanese,Continental,Coffee Shop,Bakery,Cafeteria,Bagels,Contemporary","La Virreina",Mexican
U1004,"Mexican,Japanese,Contemporary,Bagels,Coffee Shop,Breakfast,Bakery,Continental,Cafeteria","Restaurante Marisco Sam",Seafood
U1004,"Bagels,Mexican,Contemporary,Coffee Shop,Japanese,Continental,Bakery,Breakfast,Cafeteria","Tacos Los Volcanes",American
U1005,American,"Cafeteria Y Restaurant El Pacifico",Cafeteria
U1005,American,"Cafeteria Y Restaurant El Pacifico",Contemporary
U1005,American,"El Herradero Restaurante And Bar",Bar
U1005,American,"Luna Cafe",Bar
U1005,American,"Luna Cafe",Cafeteria
U1005,American,"Pizza Clasica","Fast Food"
U1005,American,"Pizza Clasica",Pizzeria
U1005,American,"Restaurant Oriental Express",Chinese
U1006,Mexican,"Cafe Chaires",Cafeteria
U1006,Mexican,"Cafe Punta Del Cielo",Cafeteria
U1006,Mexican,"Koye Sushi",Chinese
U1006,Mexican,"La Cantina",Bar
U1006,Mexican,"La Cantina",Brewery
U1006,Mexican,"La Parroquia",Breakfast
U1006,Mexican,"Mariscos El Pescador",Seafood
U1006,Mexican,"Preambulo Wifi Zone Cafe",Cafeteria
U1006,Mexican,"Preambulo Wifi Zone Cafe","Coffee Shop"
U1006,Mexican,"Puesto De Tacos",Mexican
U1006,Mexican,"Restaurante Bar Fu-Hao",Bar
U1006,Mexican,"Shi Ro Ie",Japanese
U1007,Family,"Cafe Chaires",Cafeteria
U1007,Family,"Cafeteria Y Restaurant El Pacifico",Cafeteria
U1007,Family,"Cafeteria Y Restaurant El Pacifico",Contemporary
U1007,Family,"El Herradero Restaurante And Bar",Bar
U1007,Family,"El Rincon De San Francisco",Mexican
U1007,Family,"McDonalds Parque Tangamanga",Burgers
U1007,Family,"McDonalds Parque Tangamanga","Fast Food"
U1007,Family,"Restaurante Tiberius",Pizzeria
U1007,Family,"Tortas Locas Hipocampo","Fast Food"
U1008,"Korean,Coffee Shop,Juice,Hot Dogs,Cafeteria,Italian,American,Latin American,Mexican,Hawaiian","Abondance Restaurante Bar",Bar
U1008,"Hot Dogs,Hawaiian,American,Coffee Shop,Juice,Korean,Italian,Latin American,Cafeteria,Mexican",Chaires,Bakery
U1008,"Hawaiian,Juice,Hot Dogs,Latin American,Mexican,Korean,Coffee Shop,Cafeteria,American,Italian",Chaires,Cafeteria
U1008,"Coffee Shop,Hot Dogs,Latin American,Mexican,Korean,Cafeteria,Italian,Juice,Hawaiian,American","Dominos Pizza",Pizzeria
U1008,"Mexican,Coffee Shop,American,Latin American,Juice,Hawaiian,Korean,Cafeteria,Italian,Hot Dogs","El Lechon Potosino ",International
U1008,"Korean,American,Coffee Shop,Cafeteria,Juice,Italian,Mexican,Hot Dogs,Latin American,Hawaiian","Hamburguesas Valle Dorado",Burgers
U1008,"Coffee Shop,Mexican,Latin American,Korean,Hot Dogs,American,Juice,Italian,Cafeteria,Hawaiian",KFC,American
U1008,"Coffee Shop,Mexican,Hawaiian,Latin American,American,Juice,Hot Dogs,Cafeteria,Italian,Korean",KFC,Game
U1008,"Mexican,Korean,Hot Dogs,Hawaiian,American,Latin American,Italian,Cafeteria,Coffee Shop,Juice","Restaurante Y Pescaderia Tampico",Seafood
U1008,"Hawaiian,Coffee Shop,Mexican,Juice,Hot Dogs,Latin American,Italian,Korean,American,Cafeteria",Sirlone,International
U1009,"Deli,Cafeteria,Mexican,Diner,Family,Coffee Shop,Fast Food","Cabana Huasteca",Mexican
U1009,"Family,Cafeteria,Diner,Fast Food,Coffee Shop,Deli,Mexican","Gorditas Doa Gloria",Mexican
U1009,"Mexican,Fast Food,Diner,Deli,Cafeteria,Family,Coffee Shop","Koye Sushi",Chinese
U1009,"Diner,Deli,Fast Food,Cafeteria,Family,Coffee Shop,Mexican","La Cantina Restaurante",Bar
U1009,"Family,Coffee Shop,Diner,Deli,Mexican,Fast Food,Cafeteria","La Cantina Restaurante",Brewery
U1009,"Family,Coffee Shop,Fast Food,Diner,Cafeteria,Mexican,Deli","La Posada Del Virrey",International
U1009,"Deli,Diner,Cafeteria,Fast Food,Family,Coffee Shop,Mexican","Puesto De Tacos",Mexican
U1009,"Coffee Shop,Family,Fast Food,Diner,Deli,Cafeteria,Mexican","Restaurant Bar Hacienda Los Martinez",Bar
U1009,"Diner,Fast Food,Family,Coffee Shop,Deli,Mexican,Cafeteria","Restaurante Marisco Sam",Seafood
U1009,"Family,Mexican,Fast Food,Diner,Cafeteria,Coffee Shop,Deli","Restaurante Tiberius",Pizzeria
U1010,Mexican,"Koye Sushi",Chinese
U1010,Mexican,"La Fontana Pizza Restaurante And Cafe",Cafeteria
U1010,Mexican,"La Fontana Pizza Restaurante And Cafe","Fast Food"
U1010,Mexican,"La Fontana Pizza Restaurante And Cafe",Pizzeria
U1010,Mexican,"Restaurant Oriental Express",Chinese
U1010,Mexican,"Restaurante Tiberius",Pizzeria
U1011,Mexican,"Tacos De La Estacion",Mexican
U1011,Mexican,"Tortas Hawaii","Fast Food"
U1012,"Latin American","El Oceano Dorado",Mexican
U1012,"Latin American","Restaurant And Bar And Clothesline Carlos N Charlies",Bar
U1012,"Latin American","Restaurant And Bar And Clothesline Carlos N Charlies",Brewery
U1012,"Latin American","Restaurant Las MaÃ±anitas",International
U1013,Japanese,"Cafe Chaires",Cafeteria
U1013,Japanese,Crudalia,Bar
U1013,Japanese,"Koye Sushi",Chinese
U1013,Japanese,"Mariscos El Pescador",Seafood
U1013,Japanese,"Restaurante Marisco Sam",Seafood
U1013,Japanese,"Shi Ro Ie",Japanese
U1013,Japanese,"Sushi Itto",Japanese
U1013,Japanese,"Tortas Locas Hipocampo","Fast Food"
U1013,Japanese,Vips,American
U1014,"Japanese,Fast Food","Abondance Restaurante Bar",Bar
U1014,"Japanese,Fast Food","El Herradero Restaurante And Bar",Bar
U1014,"Japanese,Fast Food","Pizza Clasica","Fast Food"
U1014,"Japanese,Fast Food","Pizza Clasica",Pizzeria
U1014,"Japanese,Fast Food","Restaurant Oriental Express",Chinese
U1015,Mexican,"Cenaduria El RincÃ³n De Tlaquepaque",Mexican
U1015,Mexican,Chaires,Bakery
U1015,Mexican,Chaires,Cafeteria
U1015,Mexican,"Dominos Pizza",Pizzeria
U1015,Mexican,KFC,American
U1015,Mexican,KFC,Game
U1015,Mexican,"Restaurante La Cantina",Bar
U1015,Mexican,"Restaurante La Cantina",Brewery
U1015,Mexican,"Restaurante Y Pescaderia Tampico",Seafood
U1015,Mexican,"Tortas Y Hamburguesas El Gordo",Burgers
U1016,"Barbecue,Eastern European,Moroccan,Japanese,Regional,Polish,Contemporary,Fusion,Coffee Shop,American,Lebanese,Indian,Portuguese,Polynesian","Cafeteria Y Restaurant El Pacifico",Cafeteria
U1016,"Japanese,Regional,Contemporary,Portuguese,Indian,Lebanese,Coffee Shop,Moroccan,Eastern European,Barbecue,Polynesian,Fusion,Polish,American","Cafeteria Y Restaurant El Pacifico",Contemporary
U1016,"Coffee Shop,Portuguese,Moroccan,American,Japanese,Polish,Indian,Barbecue,Fusion,Polynesian,Regional,Lebanese,Contemporary,Eastern European","El RincÃ³n De San Francisco",Mexican
U1016,"Polish,Coffee Shop,Fusion,Barbecue,Contemporary,Portuguese,Polynesian,Moroccan,Regional,Lebanese,American,Indian,Eastern European,Japanese","Gorditas Doa Gloria",Mexican
U1016,"Polish,Lebanese,Indian,Contemporary,Portuguese,Barbecue,Polynesian,Japanese,American,Coffee Shop,Moroccan,Fusion,Regional,Eastern European","La Cantina Restaurante",Bar
U1016,"Lebanese,Polish,Fusion,Portuguese,Regional,Polynesian,Eastern European,American,Contemporary,Moroccan,Coffee Shop,Japanese,Indian,Barbecue","La Cantina Restaurante",Brewery
U1016,"Polynesian,American,Fusion,Contemporary,Eastern European,Coffee Shop,Indian,Moroccan,Regional,Lebanese,Barbecue,Portuguese,Polish,Japanese","La Posada Del Virrey",International
U1016,"Polish,Coffee Shop,Contemporary,Regional,Fusion,Japanese,Portuguese,American,Indian,Eastern European,Lebanese,Moroccan,Barbecue,Polynesian","Restaurant Oriental Express",Chinese
U1016,"Fusion,Moroccan,Eastern European,Indian,Japanese,American,Barbecue,Polynesian,Portuguese,Lebanese,Regional,Polish,Contemporary,Coffee Shop","Restaurante Marisco Sam",Seafood
U1016,"Moroccan,Portuguese,Eastern European,Barbecue,Regional,Indian,Japanese,Polynesian,American,Coffee Shop,Fusion,Lebanese,Polish,Contemporary","Tortas Locas Hipocampo","Fast Food"
U1016,"Lebanese,American,Regional,Indian,Fusion,Contemporary,Barbecue,Portuguese,Polish,Polynesian,Japanese,Coffee Shop,Eastern European,Moroccan","Unicol's Pizza",Italian
U1017,Chinese,"Mariscos Tia Licha",Family
U1017,Chinese,"Restaurant And Bar And Clothesline Carlos N Charlies",Bar
U1017,Chinese,"Restaurant And Bar And Clothesline Carlos N Charlies",Brewery
U1018,Mexican,"Abondance Restaurante Bar",Bar
U1018,Mexican,"Cafeteria Y Restaurant El Pacifico",Cafeteria
U1018,Mexican,"Cafeteria Y Restaurant El Pacifico",Contemporary
U1018,Mexican,"El Herradero Restaurante And Bar",Bar
U1018,Mexican,"El Rincon De San Francisco",Mexican
U1018,Mexican,"Pizza Clasica","Fast Food"
U1018,Mexican,"Pizza Clasica",Pizzeria
U1019,Family,Crudalia,Bar
U1019,Family,"Gorditas Doa Gloria",Mexican
U1019,Family,"Koye Sushi",Chinese
U1019,Family,"McDonalds Parque Tangamanga",Burgers
U1019,Family,"McDonalds Parque Tangamanga","Fast Food"
U1019,Family,"Unicol's Pizza",Italian
U1020,Mexican,"Cafeteria Cenidet",Cafeteria
U1020,Mexican,"Mariscos Tia Licha",Family
U1020,Mexican,Paniroles,Italian
U1021,"Pizzeria,Regional,Chinese,Burgers","Carreton De Flautas Y Migadas",Mexican
U1021,"Pizzeria,Regional,Chinese,Burgers","Tacos De La Estacion",Mexican
U1021,"Pizzeria,Regional,Chinese,Burgers","Tacos El Guero",Mexican
U1022,Mexican,"Cafeteria Y Restaurant El Pacifico",Cafeteria
U1022,Mexican,"Cafeteria Y Restaurant El Pacifico",Contemporary
U1022,Mexican,"El Herradero Restaurante And Bar",Bar
U1022,Mexican,"El Rincon De San Francisco",Mexican
U1022,Mexican,"La Cantina Restaurante",Bar
U1022,Mexican,"La Cantina Restaurante",Brewery
U1022,Mexican,"Restaurante Bar El Gallinero",Bar
U1022,Mexican,"Restaurante Bar El Gallinero",Brewery
U1022,Mexican,"Restaurante Marisco Sam",Seafood
U1023,Mexican,"Carreton De Flautas Y Migadas",Mexican
U1023,Mexican,"Little Caesars",Pizzeria
U1023,Mexican,"Tacos De La Estacion",Mexican
U1023,Mexican,"Tortas Hawaii","Fast Food"
U1024,Afghan,"Cafeteria Y Restaurant El Pacifico",Cafeteria
U1024,Afghan,"Cafeteria Y Restaurant El Pacifico",Contemporary
U1024,Afghan,"El RincÃ³n De San Francisco",Mexican
U1024,Afghan,"Gorditas Doa Gloria",Mexican
U1024,Afghan,"La Virreina",Mexican
U1024,Afghan,"Luna Cafe",Bar
U1024,Afghan,"Luna Cafe",Cafeteria
U1024,Afghan,"Preambulo Wifi Zone Cafe",Cafeteria
U1024,Afghan,"Preambulo Wifi Zone Cafe","Coffee Shop"
U1024,Afghan,"Puesto De Tacos",Mexican
U1024,Afghan,"Restaurant De Mariscos De Picon",Seafood
U1024,Afghan,"Restaurant Oriental Express",Chinese
U1024,Afghan,"Restaurant Orizatlan",Mexican
U1024,Afghan,"Restaurante Bar El Gallinero",Bar
U1024,Afghan,"Restaurante Bar El Gallinero",Brewery
U1024,Afghan,"Restaurante Marisco Sam",Seafood
U1025,Mexican,Chaires,Bakery
U1025,Mexican,Chaires,Cafeteria
U1025,Mexican,"El Lechon Potosino ",International
U1025,Mexican,"La Virreina",Mexican
U1025,Mexican,"Puesto De Tacos",Mexican
U1025,Mexican,"Restaurante La Cantina",Bar
U1025,Mexican,"Restaurante La Cantina",Brewery
U1025,Mexican,"Tacos Los Volcanes",American
U1026,Mexican,"Gorditas Dona Tota",Mexican
U1026,Mexican,"La Perica Hamburguesa",Italian
U1026,Mexican,"Tacos Correcaminos",Mexican
U1027,Family,Crudalia,Bar
U1027,Family,"El Pueblito",Mexican
U1027,Family,"La Cantina Restaurante",Bar
U1027,Family,"La Cantina Restaurante",Brewery
U1027,Family,"Pizzeria Julios",American
U1027,Family,"Restaurant Oriental Express",Chinese
U1027,Family,"Rockabilly ",Bar
U1027,Family,"Shi Ro Ie",Japanese
U1027,Family,"Tortas Locas Hipocampo","Fast Food"
U1027,Family,Vips,American
U1028,Mexican,"Carnitas Mata",Mexican
U1028,Mexican,"Carreton De Flautas Y Migadas",Mexican
U1028,Mexican,"Little Caesars",Pizzeria
U1028,Mexican,"Palomo Tec",Mexican
U1028,Mexican,"Tacos Abi",Mexican
U1028,Mexican,"Taqueria El Amigo ",Mexican
U1028,Mexican,Vips,Mexican
U1029,Mexican,"Cabana Huasteca",Mexican
U1029,Mexican,"Cafe Punta Del Cielo",Cafeteria
U1029,Mexican,Crudalia,Bar
U1029,Mexican,"Gorditas Doa Gloria",Mexican
U1029,Mexican,"La Posada Del Virrey",International
U1029,Mexican,"Puesto De Tacos",Mexican
U1029,Mexican,"Restaurant Bar Hacienda Los Martinez",Bar
U1029,Mexican,"Rockabilly ",Bar
U1029,Mexican,"Tortas Locas Hipocampo","Fast Food"
U1030,Mexican,"Cafeteria Cenidet",Cafeteria
U1030,Mexican,"El Oceano Dorado",Mexican
U1030,Mexican,Paniroles,Italian
U1030,Mexican,"Restaurant Bar Coty Y Pablo",Bar
U1030,Mexican,"Restaurant Familiar El Chino",Vietnamese
U1030,Mexican,"Restaurant Las MaÃ±anitas",International
U1031,Mexican,"Tacos Abi",Mexican
U1031,Mexican,"Tacos Correcaminos",Mexican
U1031,Mexican,"Tacos El Guero",Mexican
U1032,Mexican,"Cafeteria Y Restaurant El Pacifico",Cafeteria
U1032,Mexican,"Cafeteria Y Restaurant El Pacifico",Contemporary
U1032,Mexican,"Gorditas Doa Gloria",Mexican
U1032,Mexican,"Koye Sushi",Chinese
U1032,Mexican,"Pizzeria Julios",American
U1032,Mexican,"Restaurant Oriental Express",Chinese
U1032,Mexican,"Restaurante Marisco Sam",Seafood
U1032,Mexican,"Restaurante Tiberius",Pizzeria
U1032,Mexican,"Tortas Locas Hipocampo","Fast Food"
U1032,Mexican,"Unicol's Pizza",Italian
U1033,Mexican,"Cafe Chaires",Cafeteria
U1033,Mexican,Crudalia,Bar
U1033,Mexican,"La Virreina",Mexican
U1033,Mexican,"Mariscos El Pescador",Seafood
U1033,Mexican,"Preambulo Wifi Zone Cafe",Cafeteria
U1033,Mexican,"Preambulo Wifi Zone Cafe","Coffee Shop"
U1033,Mexican,"Restaurante El Reyecito","Fast Food"
U1033,Mexican,"Tortas Locas Hipocampo","Fast Food"
U1033,Mexican,Vips,American
U1034,Mexican,"El Mundo De La Pasta",Italian
U1034,Mexican,"Gordas De Morales",Mexican
U1034,Mexican,"La Cochinita Pibil Restaurante Yucateco",Mexican
U1034,Mexican,"McDonalds Parque Tangamanga",Burgers
U1034,Mexican,"McDonalds Parque Tangamanga","Fast Food"
U1034,Mexican,"Restaurante De Mariscos La Langosta",Seafood
U1035,Family,"El Cotorreo",Family
U1035,Family,"El Cotorreo",Mexican
U1035,Family,"El Oceano Dorado",Mexican
U1035,Family,"McDonalds Centro",American
U1035,Family,"Restaurant Las MaÃ±anitas",International
U1036,Mexican,"Cabana Huasteca",Mexican
U1036,Mexican,"El Rincon De San Francisco",Mexican
U1036,Mexican,"Gorditas Doa Gloria",Mexican
U1036,Mexican,"Koye Sushi",Chinese
U1036,Mexican,"La Cantina Restaurante",Bar
U1036,Mexican,"La Cantina Restaurante",Brewery
U1036,Mexican,"Puesto De Tacos",Mexican
U1036,Mexican,"Restaurant Bar Hacienda Los Martinez",Bar
U1036,Mexican,"Restaurant Oriental Express",Chinese
U1036,Mexican,"Tortas Locas Hipocampo","Fast Food"
U1037,Mexican,"Cenaduria El RincÃ³n De Tlaquepaque",Mexican
U1037,Mexican,"Dominos Pizza",Pizzeria
U1037,Mexican,KFC,American
U1037,Mexican,KFC,Game
U1037,Mexican,"Restaurante La Cantina",Bar
U1037,Mexican,"Restaurante La Cantina",Brewery
U1037,Mexican,"Restaurante Y Pescaderia Tampico",Seafood
U1037,Mexican,Sirlone,International
U1038,Mexican,"Carl's Jr",Burgers
U1038,Mexican,"Hamburguesas Valle Dorado",Burgers
U1038,Mexican,"La Posada Del Virrey",International
U1038,Mexican,Sirlone,International
U1038,Mexican,"Unicol's Pizza",Italian
U1039,Regional,"La Perica Hamburguesa",Italian
U1039,Regional,"Tacos Correcaminos",Mexican
U1040,Pizzeria,"El Cotorreo",Family
U1040,Pizzeria,"El Cotorreo",Mexican
U1040,Pizzeria,"Kiku Cuernavaca",Japanese
U1040,Pizzeria,"Restaurant Bar Coty Y Pablo",Bar
U1041,Contemporary,"Mariscos Tia Licha",Family
U1041,Contemporary,Paniroles,Italian
U1041,Contemporary,"Restaurant And Bar And Clothesline Carlos N Charlies",Bar
U1041,Contemporary,"Restaurant And Bar And Clothesline Carlos N Charlies",Brewery
U1041,Contemporary,Subway,"Fast Food"
U1042,Mexican,"Mariscos Tia Licha",Family
U1042,Mexican,"Restaurant Las MaÃ±anitas",International
U1042,Mexican,Subway,"Fast Food"
U1043,"Latin American","Carnitas Mata",Mexican
U1043,"Latin American","Hamburguesas La Perica",Mexican
U1043,"Latin American","Palomo Tec",Mexican
U1043,"Latin American","Pollo Frito Buenos Aires","Fast Food"
U1043,"Latin American","Taqueria El Amigo ",Mexican
U1044,Mexican,"Cafeteria Cenidet",Cafeteria
U1044,Mexican,"Mariscos Tia Licha",Family
U1044,Mexican,"McDonalds Centro",American
U1044,Mexican,"Restaurant Las MaÃ±anitas",International
U1045,"Moroccan,Middle Eastern,Mongolian,Mexican","Cafeteria Y Restaurant El Pacifico",Cafeteria
U1045,"Middle Eastern,Moroccan,Mexican,Mongolian","Cafeteria Y Restaurant El Pacifico",Contemporary
U1045,"Middle Eastern,Mongolian,Moroccan,Mexican","Gorditas Doa Gloria",Mexican
U1045,"Middle Eastern,Moroccan,Mongolian,Mexican","La Cantina Restaurante",Bar
U1045,"Middle Eastern,Mexican,Moroccan,Mongolian","La Cantina Restaurante",Brewery
U1045,"Middle Eastern,Mexican,Moroccan,Mongolian","Luna Cafe",Bar
U1045,"Mexican,Middle Eastern,Mongolian,Moroccan","Luna Cafe",Cafeteria
U1045,"Mongolian,Mexican,Middle Eastern,Moroccan","Puesto De Tacos",Mexican
U1045,"Mexican,Mongolian,Moroccan,Middle Eastern","Restaurante Marisco Sam",Seafood
U1045,"Mongolian,Mexican,Middle Eastern,Moroccan","Tortas Locas Hipocampo","Fast Food"
U1045,"Mongolian,Mexican,Middle Eastern,Moroccan","Unicol's Pizza",Italian
U1046,Bar,"Cafe Chaires",Cafeteria
U1046,Bar,"Carl's Jr",Burgers
U1046,Bar,Crudalia,Bar
U1046,Bar,"La Cantina",Bar
U1046,Bar,"La Cantina",Brewery
U1046,Bar,"Restaurant Wu Zhuo Yi",Chinese
U1046,Bar,"Restaurante Tiberius",Pizzeria
U1046,Bar,"Tortas Locas Hipocampo","Fast Food"
U1046,Bar,Vips,American
U1047,American,"Shi Ro Ie",Japanese
U1048,Mexican,"Gordas De Morales",Mexican
U1048,Mexican,"La Cantina",Bar
U1048,Mexican,"La Cantina",Brewery
U1048,Mexican,"La Estrella De Dimas",Mexican
U1048,Mexican,"Michiko Restaurant Japones",Japanese
U1048,Mexican,"Restaurante Bar Fu-Hao",Bar
U1048,Mexican,"Restaurante De Mariscos La Langosta",Seafood
U1049,Mexican,"Cafeteria Y Restaurant El Pacifico",Cafeteria
U1049,Mexican,"Cafeteria Y Restaurant El Pacifico",Contemporary
U1049,Mexican,Crudalia,Bar
U1049,Mexican,"La Cantina Restaurante",Bar
U1049,Mexican,"La Cantina Restaurante",Brewery
U1049,Mexican,"La Posada Del Virrey",International
U1049,Mexican,"Luna Cafe",Bar
U1049,Mexican,"Luna Cafe",Cafeteria
U1049,Mexican,"Puesto De Tacos",Mexican
U1049,Mexican,"Restaurant Oriental Express",Chinese
U1049,Mexican,"Tortas Locas Hipocampo","Fast Food"
U1050,Mexican,"Carreton De Flautas Y Migadas",Mexican
U1050,Mexican,"Gorditas DoÃ±a Tota",Mexican
U1050,Mexican,"Hamburguesas La Perica",Mexican
U1050,Mexican,"Pollo Frito Buenos Aires","Fast Food"
U1050,Mexican,"Puesto de Gorditas",Regional
U1050,Mexican,"Tacos De Barbacoa Enfrente Del Tec",Mexican
U1050,Mexican,"Taqueria El Amigo ",Mexican
U1051,Mexican,"Cafeteria Cenidet",Cafeteria
U1051,Mexican,"Mariscos Tia Licha",Family
U1051,Mexican,Paniroles,Italian
U1052,Bakery,Chaires,Bakery
U1052,Bakery,Chaires,Cafeteria
U1052,Bakery,"Dominos Pizza",Pizzeria
U1052,Bakery,KFC,American
U1052,Bakery,KFC,Game
U1052,Bakery,"Tortas Y Hamburguesas El Gordo",Burgers
U1053,Mexican,"Cabana Huasteca",Mexican
U1053,Mexican,"Cafeteria Y Restaurant El Pacifico",Cafeteria
U1053,Mexican,"Cafeteria Y Restaurant El Pacifico",Contemporary
U1053,Mexican,"El Rincon De San Francisco",Mexican
U1053,Mexican,"La Fontana Pizza Restaurante And Cafe",Cafeteria
U1053,Mexican,"La Fontana Pizza Restaurante And Cafe","Fast Food"
U1053,Mexican,"La Fontana Pizza Restaurante And Cafe",Pizzeria
U1053,Mexican,"Puesto De Tacos",Mexican
U1053,Mexican,"Restaurant Oriental Express",Chinese
U1053,Mexican,"Restaurante Marisco Sam",Seafood
U1054,Mexican,"Cafeteria Y Restaurant El Pacifico",Cafeteria
U1054,Mexican,"Cafeteria Y Restaurant El Pacifico",Contemporary
U1054,Mexican,"El Rincon De San Francisco",Mexican
U1054,Mexican,"La Cantina Restaurante",Bar
U1054,Mexican,"La Cantina Restaurante",Brewery
U1054,Mexican,"Luna Cafe",Bar
U1054,Mexican,"Luna Cafe",Cafeteria
U1054,Mexican,"Restaurant De Mariscos De Picon",Seafood
U1054,Mexican,"Restaurante Marisco Sam",Seafood
U1054,Mexican,"Unicol's Pizza",Italian
U1055,Breakfast,"Cabana Huasteca",Mexican
U1055,Breakfast,"Cafe Chaires",Cafeteria
U1055,Breakfast,"El RincÃ³n De San Francisco",Mexican
U1055,Breakfast,"El Rincon De San Francisco",Mexican
U1055,Breakfast,"La Virreina",Mexican
U1055,Breakfast,"Mariscos El Pescador",Seafood
U1055,Breakfast,"Puesto De Tacos",Mexican
U1055,Breakfast,"Restaurante Bar Fu-Hao",Bar
U1056,Mexican,"La Cantina Restaurante",Bar
U1056,Mexican,"La Cantina Restaurante",Brewery
U1056,Mexican,"Puesto De Tacos",Mexican
U1056,Mexican,"Restaurant Orizatlan",Mexican
U1056,Mexican,"Tortas Locas Hipocampo","Fast Food"
U1057,American,"Gorditas Doa Gloria",Mexican
U1057,American,"La Parroquia",Breakfast
U1057,American,"La Posada Del Virrey",International
U1057,American,"Mariscos El Pescador",Seafood
U1057,American,"Pizza Clasica","Fast Food"
U1057,American,"Pizza Clasica",Pizzeria
U1057,American,"Preambulo Wifi Zone Cafe",Cafeteria
U1057,American,"Preambulo Wifi Zone Cafe","Coffee Shop"
U1057,American,"Puesto De Tacos",Mexican
U1057,American,"Restaurante El Reyecito","Fast Food"
U1058,Cuban,"Hamburguesas Saul",Cafeteria
U1058,Cuban,"La Cochinita Pibil Restaurante Yucateco",Mexican
U1058,Cuban,"La Fontana Pizza Restaurante And Cafe",Cafeteria
U1058,Cuban,"La Fontana Pizza Restaurante And Cafe","Fast Food"
U1058,Cuban,"La Fontana Pizza Restaurante And Cafe",Pizzeria
U1058,Cuban,"Pizza Clasica","Fast Food"
U1058,Cuban,"Pizza Clasica",Pizzeria
U1058,Cuban,"Pizzeria Julios",American
U1058,Cuban,"Restaurante Tiberius",Pizzeria
U1059,Mexican,"Cabana Huasteca",Mexican
U1059,Mexican,Emilianos,Brewery
U1059,Mexican,"La Posada Del Virrey",International
U1059,Mexican,"La Virreina",Mexican
U1059,Mexican,"Mariscos El Pescador",Seafood
U1059,Mexican,"Preambulo Wifi Zone Cafe",Cafeteria
U1059,Mexican,"Preambulo Wifi Zone Cafe","Coffee Shop"
U1059,Mexican,"Puesto De Tacos",Mexican
U1059,Mexican,"Restaurant Wu Zhuo Yi",Chinese
U1059,Mexican,"Tortas Locas Hipocampo","Fast Food"
U1060,"Burgers,Coffee Shop,Fast Food,Cafeteria,American,Mexican,Pizzeria,Tex Mex,Spanish,Juice,Soup,Hot Dogs,Italian","Carreton De Flautas Y Migadas",Mexican
U1060,"American,Burgers,Tex Mex,Spanish,Mexican,Fast Food,Coffee Shop,Cafeteria,Soup,Pizzeria,Hot Dogs,Juice,Italian","Little Caesars",Pizzeria
U1060,"Fast Food,American,Juice,Coffee Shop,Spanish,Cafeteria,Soup,Tex Mex,Mexican,Hot Dogs,Burgers,Pizzeria,Italian","Tortas Hawaii","Fast Food"
U1061,Mexican,"Cabana Huasteca",Mexican
U1061,Mexican,"Cafe Chaires",Cafeteria
U1061,Mexican,Crudalia,Bar
U1061,Mexican,Emilianos,Brewery
U1061,Mexican,"Gordas De Morales",Mexican
U1061,Mexican,"Gorditas Doa Gloria",Mexican
U1061,Mexican,"La Cantina",Bar
U1061,Mexican,"La Cantina",Brewery
U1061,Mexican,"La Parroquia",Breakfast
U1061,Mexican,"Luna Cafe",Bar
U1061,Mexican,"Luna Cafe",Cafeteria
U1061,Mexican,"Mariscos El Pescador",Seafood
U1061,Mexican,"McDonalds Parque Tangamanga",Burgers
U1061,Mexican,"McDonalds Parque Tangamanga","Fast Food"
U1061,Mexican,"Michiko Restaurant Japones",Japanese
U1061,Mexican,"Puesto De Tacos",Mexican
U1061,Mexican,"Restaurante Bar Fu-Hao",Bar
U1061,Mexican,"Restaurante El Reyecito","Fast Food"
U1061,Mexican,"Restaurante Tiberius",Pizzeria
U1061,Mexican,"Tacos Los Volcanes",American
U1062,Mexican,"Gorditas Doa Gloria",Mexican
U1062,Mexican,"La Cantina Restaurante",Bar
U1062,Mexican,"La Cantina Restaurante",Brewery
U1062,Mexican,"La Fontana Pizza Restaurante And Cafe",Cafeteria
U1062,Mexican,"La Fontana Pizza Restaurante And Cafe","Fast Food"
U1062,Mexican,"La Fontana Pizza Restaurante And Cafe",Pizzeria
U1062,Mexican,"Pizzeria Julios",American
U1062,Mexican,"Puesto De Tacos",Mexican
U1062,Mexican,"Tortas Locas Hipocampo","Fast Food"
U1063,Mexican,"Gorditas DoÃ±a Tota",Mexican
U1063,Mexican,"Little Pizza Emilio Portes Gil",Armenian
U1063,Mexican,"Pollo Frito Buenos Aires","Fast Food"
U1063,Mexican,Vips,Mexican
U1064,Mexican,"Abondance Restaurante Bar",Bar
U1064,Mexican,"El Herradero Restaurante And Bar",Bar
U1064,Mexican,"La Cantina Restaurante",Bar
U1064,Mexican,"La Cantina Restaurante",Brewery
U1064,Mexican,"Restaurant Oriental Express",Chinese
U1064,Mexican,"Restaurante Marisco Sam",Seafood
U1065,Mexican,"Gorditas Dona Tota",Mexican
U1065,Mexican,"La Perica Hamburguesa",Italian
U1065,Mexican,"Tacos Correcaminos",Mexican
U1066,Mexican,"Kiku Cuernavaca",Japanese
U1066,Mexican,"Restaurant Bar Coty Y Pablo",Bar
U1066,Mexican,"Restaurant Familiar El Chino",Vietnamese
U1067,Mexican,"Gorditas DoÃ±a Tota",Mexican
U1067,Mexican,"Little Caesars",Pizzeria
U1067,Mexican,"Palomo Tec",Mexican
U1067,Mexican,"Puesto de Gorditas",Regional
U1067,Mexican,"Taqueria El Amigo ",Mexican
U1067,Mexican,Vips,Mexican
U1068,Mexican,"Carreton De Flautas Y Migadas",Mexican
U1068,Mexican,"Little Caesars",Pizzeria
U1068,Mexican,"Palomo Tec",Mexican
U1068,Mexican,"Tacos Abi",Mexican
U1068,Mexican,"Tacos De Barbacoa Enfrente Del Tec",Mexican
U1068,Mexican,"Taqueria El Amigo ",Mexican
U1068,Mexican,Vips,Mexican
U1069,Mexican,"Abondance Restaurante Bar",Bar
U1069,Mexican,"Cenaduria El RincÃ³n De Tlaquepaque",Mexican
U1069,Mexican,"El Lechon Potosino ",International
U1069,Mexican,"Hamburguesas Valle Dorado",Burgers
U1069,Mexican,KFC,American
U1069,Mexican,KFC,Game
U1070,Mexican,"Carnitas Mata",Mexican
U1070,Mexican,"Hamburguesas La Perica",Mexican
U1070,Mexican,"Pollo Frito Buenos Aires","Fast Food"
U1071,Mexican,"Cafeteria Y Restaurant El Pacifico",Cafeteria
U1071,Mexican,"Cafeteria Y Restaurant El Pacifico",Contemporary
U1071,Mexican,"El Rincon De San Francisco",Mexican
U1071,Mexican,"Gorditas Doa Gloria",Mexican
U1071,Mexican,"La Cantina Restaurante",Bar
U1071,Mexican,"La Cantina Restaurante",Brewery
U1071,Mexican,"La Posada Del Virrey",International
U1071,Mexican,"La Virreina",Mexican
U1071,Mexican,"Preambulo Wifi Zone Cafe",Cafeteria
U1071,Mexican,"Preambulo Wifi Zone Cafe","Coffee Shop"
U1071,Mexican,"Puesto De Tacos",Mexican
U1071,Mexican,"Restaurant De Mariscos De Picon",Seafood
U1071,Mexican,"Restaurant Oriental Express",Chinese
U1071,Mexican,"Restaurante Marisco Sam",Seafood
U1071,Mexican,"Unicol's Pizza",Italian
U1072,Mexican,"Cafeteria Cenidet",Cafeteria
U1072,Mexican,"El Cotorreo",Family
U1072,Mexican,"El Cotorreo",Mexican
U1073,American,"Cafe Chaires",Cafeteria
U1073,American,"Gorditas Doa Gloria",Mexican
U1073,American,"La Cantina Restaurante",Bar
U1073,American,"La Cantina Restaurante",Brewery
U1073,American,"La Parroquia",Breakfast
U1073,American,"La Posada Del Virrey",International
U1073,American,"Restaurante Marisco Sam",Seafood
U1073,American,Vips,American
U1074,Sushi,"Log Yin",Burgers
U1074,Sushi,"Log Yin",Mediterranean
U1074,Sushi,"Log Yin",Mexican
U1075,Mexican,"Cafeteria Y Restaurant El Pacifico",Cafeteria
U1075,Mexican,"Cafeteria Y Restaurant El Pacifico",Contemporary
U1075,Mexican,"El Herradero Restaurante And Bar",Bar
U1075,Mexican,"Gorditas Doa Gloria",Mexican
U1075,Mexican,"Luna Cafe",Bar
U1075,Mexican,"Luna Cafe",Cafeteria
U1075,Mexican,"Restaurant De Mariscos De Picon",Seafood
U1076,Mexican,"Restaurant De Mariscos De Picon",Seafood
U1076,Mexican,"Restaurant Oriental Express",Chinese
U1076,Mexican,"Restaurant Orizatlan",Mexican
U1076,Mexican,"Restaurante Bar El Gallinero",Bar
U1076,Mexican,"Restaurante Bar El Gallinero",Brewery
U1077,Mexican,"Puesto De Tacos",Mexican
U1077,Mexican,"Restaurant Orizatlan",Mexican
U1077,Mexican,"Restaurante Marisco Sam",Seafood
U1077,Mexican,"Tortas Locas Hipocampo","Fast Food"
U1078,Mexican,"El RincÃ³n De San Francisco",Mexican
U1078,Mexican,"Gorditas Doa Gloria",Mexican
U1078,Mexican,"Hamburguesas Saul",Cafeteria
U1078,Mexican,"La Cantina Restaurante",Bar
U1078,Mexican,"La Cantina Restaurante",Brewery
U1078,Mexican,"Luna Cafe",Bar
U1078,Mexican,"Luna Cafe",Cafeteria
U1078,Mexican,"Restaurante Marisco Sam",Seafood
U1079,Mexican,"Log Yin",Burgers
U1079,Mexican,"Log Yin",Mediterranean
U1079,Mexican,"Log Yin",Mexican
U1079,Mexican,"Mariscos Tia Licha",Family
U1079,Mexican,Mikasa,Japanese
U1079,Mexican,"Restaurant Las MaÃ±anitas",International
U1080,Mexican,"Hamburguesas La Perica",Mexican
U1080,Mexican,"Little Caesars",Pizzeria
U1080,Mexican,"Tacos De La Estacion",Mexican
U1080,Mexican,"Tacos El Guero",Mexican
U1081,Mexican,"Abondance Restaurante Bar",Bar
U1081,Mexican,"Cafeteria Y Restaurant El Pacifico",Cafeteria
U1081,Mexican,"Cafeteria Y Restaurant El Pacifico",Contemporary
U1081,Mexican,"La Cantina Restaurante",Bar
U1081,Mexican,"La Cantina Restaurante",Brewery
U1081,Mexican,"La Virreina",Mexican
U1081,Mexican,"Pizza Clasica","Fast Food"
U1081,Mexican,"Pizza Clasica",Pizzeria
U1081,Mexican,"Preambulo Wifi Zone Cafe",Cafeteria
U1081,Mexican,"Preambulo Wifi Zone Cafe","Coffee Shop"
U1081,Mexican,"Puesto De Tacos",Mexican
U1081,Mexican,"Restaurant De Mariscos De Picon",Seafood
U1081,Mexican,"Restaurant Orizatlan",Mexican
U1081,Mexican,"Tortas Locas Hipocampo","Fast Food"
U1082,Mexican,"Carnitas Mata",Mexican
U1082,Mexican,"Hamburguesas La Perica",Mexican
U1082,Mexican,"Little Caesars",Pizzeria
U1082,Mexican,"Palomo Tec",Mexican
U1082,Mexican,"Pollo Frito Buenos Aires","Fast Food"
U1082,Mexican,"Puesto de Gorditas",Regional
U1082,Mexican,"Tacos Abi",Mexican
U1082,Mexican,"Tacos De Barbacoa Enfrente Del Tec",Mexican
U1082,Mexican,"Taqueria El Amigo ",Mexican
U1083,Mexican,"Cafe Chaires",Cafeteria
U1083,Mexican,"Gordas De Morales",Mexican
U1083,Mexican,"La Estrella De Dimas",Mexican
U1083,Mexican,"Michiko Restaurant Japones",Japanese
U1083,Mexican,"Restaurant Wu Zhuo Yi",Chinese
U1083,Mexican,"Restaurante De Mariscos La Langosta",Seafood
U1083,Mexican,"Restaurante El Reyecito","Fast Food"
U1083,Mexican,"Restaurante La Parroquia Potosina",Contemporary
U1083,Mexican,"Sushi Itto",Japanese
U1084,Mexican,"Carl's Jr",Burgers
U1084,Mexican,"El Mundo De La Pasta",Italian
U1084,Mexican,"Gordas De Morales",Mexican
U1084,Mexican,"La Cantina",Bar
U1084,Mexican,"La Cantina",Brewery
U1084,Mexican,"La Posada Del Virrey",International
U1084,Mexican,"Preambulo Wifi Zone Cafe",Cafeteria
U1084,Mexican,"Preambulo Wifi Zone Cafe","Coffee Shop"
U1084,Mexican,"Restaurante Tiberius",Pizzeria
U1084,Mexican,"Sushi Itto",Japanese
U1084,Mexican,"Tortas Locas Hipocampo","Fast Food"
U1085,Mexican,"Hamburguesas Saul",Cafeteria
U1085,Mexican,"La Cochinita Pibil Restaurante Yucateco",Mexican
U1085,Mexican,"Pizza Clasica","Fast Food"
U1085,Mexican,"Pizza Clasica",Pizzeria
U1085,Mexican,"Pizzeria Julios",American
U1085,Mexican,"Puesto De Tacos",Mexican
U1085,Mexican,"Restaurant Bar Hacienda Los Martinez",Bar
U1085,Mexican,"Restaurant Oriental Express",Chinese
U1086,Italian,"Cafe Punta Del Cielo",Cafeteria
U1086,Italian,Crudalia,Bar
U1086,Italian,"Luna Cafe",Bar
U1086,Italian,"Luna Cafe",Cafeteria
U1086,Italian,"Restaurante Marisco Sam",Seafood
U1086,Italian,"Rockabilly ",Bar
U1086,Italian,"Tortas Locas Hipocampo","Fast Food"
U1086,Italian,Vips,American
U1087,Chinese,"Carreton De Flautas Y Migadas",Mexican
U1087,Chinese,"Little Pizza Emilio Portes Gil",Armenian
U1087,Chinese,"Puesto de Gorditas",Regional
U1087,Chinese,"Tacos Abi",Mexican
U1087,Chinese,"Tacos De Barbacoa Enfrente Del Tec",Mexican
U1087,Chinese,"Taqueria El Amigo ",Mexican
U1087,Chinese,Vips,Mexican
U1088,Mexican,"Abondance Restaurante Bar",Bar
U1088,Mexican,"Cafeteria Y Restaurant El Pacifico",Cafeteria
U1088,Mexican,"Cafeteria Y Restaurant El Pacifico",Contemporary
U1088,Mexican,"El Herradero Restaurante And Bar",Bar
U1088,Mexican,"Luna Cafe",Bar
U1088,Mexican,"Luna Cafe",Cafeteria
U1088,Mexican,"Restaurante La Cantina",Bar
U1088,Mexican,"Restaurante La Cantina",Brewery
U1088,Mexican,"Restaurante Y Pescaderia Tampico",Seafood
U1089,Mexican,"Cabana Huasteca",Mexican
U1089,Mexican,Crudalia,Bar
U1089,Mexican,"Gorditas Doa Gloria",Mexican
U1089,Mexican,"Koye Sushi",Chinese
U1089,Mexican,"La Cantina",Bar
U1089,Mexican,"La Cantina",Brewery
U1089,Mexican,"La Virreina",Mexican
U1089,Mexican,"Pizzeria Julios",American
U1089,Mexican,"Restaurante Tiberius",Pizzeria
U1089,Mexican,"Shi Ro Ie",Japanese
U1089,Mexican,"Sushi Itto",Japanese
U1089,Mexican,"Tortas Locas Hipocampo","Fast Food"
U1089,Mexican,Vips,American
U1090,"Tex Mex","Cafe Chaires",Cafeteria
U1090,"Tex Mex","Cafe Punta Del Cielo",Cafeteria
U1090,"Tex Mex","El Pueblito",Mexican
U1090,"Tex Mex","El Rincon De San Francisco",Mexican
U1090,"Tex Mex","La Cantina Restaurante",Bar
U1090,"Tex Mex","La Cantina Restaurante",Brewery
U1090,"Tex Mex","La Parroquia",Breakfast
U1090,"Tex Mex","La Posada Del Virrey",International
U1090,"Tex Mex","Tortas Locas Hipocampo","Fast Food"
U1091,"American,Mexican","Cafe Chaires",Cafeteria
U1091,"American,Mexican","Carl's Jr",Burgers
U1091,"American,Mexican","El Mundo De La Pasta",Italian
U1091,"American,Mexican","Mariscos El Pescador",Seafood
U1091,"American,Mexican","McDonalds Parque Tangamanga",Burgers
U1091,"American,Mexican","McDonalds Parque Tangamanga","Fast Food"
U1091,"American,Mexican","Puesto De Tacos",Mexican
U1091,"American,Mexican","Shi Ro Ie",Japanese
U1092,Game,"Cafe Chaires",Cafeteria
U1092,Game,"El Rincon De San Francisco",Mexican
U1092,Game,"Gordas De Morales",Mexican
U1092,Game,"Restaurante El Reyecito","Fast Food"
U1092,Game,"Restaurante La Cantina",Bar
U1092,Game,"Restaurante La Cantina",Brewery
U1092,Game,"Tortas Locas Hipocampo","Fast Food"
U1093,Japanese,"Kiku Cuernavaca",Japanese
U1093,Japanese,"Log Yin",Burgers
U1093,Japanese,"Log Yin",Mediterranean
U1093,Japanese,"Log Yin",Mexican
U1093,Japanese,"Restaurant Bar Coty Y Pablo",Bar
U1093,Japanese,"Restaurant Familiar El Chino",Vietnamese
U1094,Mexican,"Abondance Restaurante Bar",Bar
U1094,Mexican,"El Herradero Restaurante And Bar",Bar
U1094,Mexican,"Restaurante La Cantina",Bar
U1094,Mexican,"Restaurante La Cantina",Brewery
U1094,Mexican,"Restaurante Y Pescaderia Tampico",Seafood
U1095,Italian,"Carl's Jr",Burgers
U1095,Italian,"El Mundo De La Pasta",Italian
U1095,Italian,"Gordas De Morales",Mexican
U1095,Italian,"La Cochinita Pibil Restaurante Yucateco",Mexican
U1095,Italian,"McDonalds Parque Tangamanga",Burgers
U1095,Italian,"McDonalds Parque Tangamanga","Fast Food"
U1095,Italian,"Michiko Restaurant Japones",Japanese
U1095,Italian,"Pizzeria Julios",American
U1095,Italian,"Restaurante Tiberius",Pizzeria
U1095,Italian,"Sushi Itto",Japanese
U1096,Mexican,"El Rincon De San Francisco",Mexican
U1096,Mexican,Emilianos,Brewery
U1096,Mexican,"Gordas De Morales",Mexican
U1096,Mexican,"La Cantina",Bar
U1096,Mexican,"La Cantina",Brewery
U1096,Mexican,"La Cochinita Pibil Restaurante Yucateco",Mexican
U1096,Mexican,"Mariscos El Pescador",Seafood
U1096,Mexican,"McDonalds Parque Tangamanga",Burgers
U1096,Mexican,"McDonalds Parque Tangamanga","Fast Food"
U1096,Mexican,"Shi Ro Ie",Japanese
U1096,Mexican,"Sushi Itto",Japanese
U1096,Mexican,"Tacos Los Volcanes",American
U1097,Mexican,"Carl's Jr",Burgers
U1097,Mexican,Crudalia,Bar
U1097,Mexican,Emilianos,Brewery
U1097,Mexican,"Koye Sushi",Chinese
U1097,Mexican,"La Cantina",Bar
U1097,Mexican,"La Cantina",Brewery
U1097,Mexican,"La Fontana Pizza Restaurante And Cafe",Cafeteria
U1097,Mexican,"La Fontana Pizza Restaurante And Cafe","Fast Food"
U1097,Mexican,"La Fontana Pizza Restaurante And Cafe",Pizzeria
U1097,Mexican,"La Parroquia",Breakfast
U1097,Mexican,"McDonalds Parque Tangamanga",Burgers
U1097,Mexican,"McDonalds Parque Tangamanga","Fast Food"
U1097,Mexican,"Michiko Restaurant Japones",Japanese
U1097,Mexican,"Restaurante De Mariscos La Langosta",Seafood
U1097,Mexican,"Restaurante Tiberius",Pizzeria
U1097,Mexican,"Tacos Los Volcanes",American
U1098,Mexican,"Cafeteria Y Restaurant El Pacifico",Cafeteria
U1098,Mexican,"Cafeteria Y Restaurant El Pacifico",Contemporary
U1098,Mexican,"Carl's Jr",Burgers
U1098,Mexican,Crudalia,Bar
U1098,Mexican,"Hamburguesas Saul",Cafeteria
U1098,Mexican,"Koye Sushi",Chinese
U1098,Mexican,"La Posada Del Virrey",International
U1098,Mexican,"Puesto De Tacos",Mexican
U1098,Mexican,"Restaurante El Reyecito","Fast Food"
U1098,Mexican,"Restaurante Marisco Sam",Seafood
U1098,Mexican,"Tortas Locas Hipocampo","Fast Food"
U1098,Mexican,"Unicol's Pizza",Italian
U1099,Mexican,"Gorditas Doa Gloria",Mexican
U1099,Mexican,"Hamburguesas Saul",Cafeteria
U1099,Mexican,"Pizza Clasica","Fast Food"
U1099,Mexican,"Pizza Clasica",Pizzeria
U1099,Mexican,"Pizzeria Julios",American
U1099,Mexican,"Restaurant Oriental Express",Chinese
U1099,Mexican,"Restaurante Marisco Sam",Seafood
U1099,Mexican,"Unicol's Pizza",Italian
U1100,Mexican,"Log Yin",Burgers
U1100,Mexican,"Log Yin",Mediterranean
U1100,Mexican,"Log Yin",Mexican
U1100,Mexican,"Mariscos Tia Licha",Family
U1100,Mexican,Subway,"Fast Food"
U1101,"Australian,Burgers,Family,Latin American,Coffee Shop,Chinese,Afghan,Contemporary,Italian,Doughnuts,Hot Dogs,Mexican,Cafeteria,Bar,Diner","Cafeteria Y Restaurant El Pacifico",Cafeteria
U1101,"Contemporary,Latin American,Burgers,Afghan,Doughnuts,Chinese,Family,Australian,Mexican,Cafeteria,Hot Dogs,Bar,Coffee Shop,Diner,Italian","Cafeteria Y Restaurant El Pacifico",Contemporary
U1101,"Mexican,Doughnuts,Latin American,Hot Dogs,Contemporary,Afghan,Burgers,Family,Cafeteria,Australian,Chinese,Bar,Italian,Coffee Shop,Diner","El RincÃ³n De San Francisco",Mexican
U1101,"Australian,Coffee Shop,Family,Cafeteria,Chinese,Italian,Doughnuts,Bar,Afghan,Mexican,Burgers,Diner,Latin American,Hot Dogs,Contemporary","La Cantina Restaurante",Bar
U1101,"Afghan,Italian,Burgers,Australian,Doughnuts,Mexican,Diner,Bar,Hot Dogs,Coffee Shop,Cafeteria,Family,Chinese,Contemporary,Latin American","La Cantina Restaurante",Brewery
U1101,"Burgers,Afghan,Doughnuts,Australian,Latin American,Italian,Mexican,Cafeteria,Hot Dogs,Contemporary,Family,Chinese,Bar,Coffee Shop,Diner","Luna Cafe",Bar
U1101,"Family,Afghan,Hot Dogs,Latin American,Contemporary,Burgers,Coffee Shop,Cafeteria,Bar,Chinese,Doughnuts,Diner,Mexican,Italian,Australian","Luna Cafe",Cafeteria
U1101,"Diner,Coffee Shop,Afghan,Hot Dogs,Family,Contemporary,Australian,Cafeteria,Burgers,Italian,Doughnuts,Latin American,Bar,Chinese,Mexican","Restaurant De Mariscos De Picon",Seafood
U1101,"Latin American,Afghan,Italian,Coffee Shop,Burgers,Cafeteria,Doughnuts,Bar,Australian,Hot Dogs,Family,Mexican,Chinese,Diner,Contemporary","Restaurant Orizatlan",Mexican
U1101,"Bar,Latin American,Italian,Australian,Cafeteria,Chinese,Burgers,Contemporary,Afghan,Doughnuts,Hot Dogs,Coffee Shop,Family,Mexican,Diner","Restaurante Bar El Gallinero",Bar
U1101,"Cafeteria,Bar,Australian,Hot Dogs,Chinese,Italian,Doughnuts,Afghan,Mexican,Burgers,Latin American,Diner,Contemporary,Coffee Shop,Family","Restaurante Bar El Gallinero",Brewery
U1101,"Doughnuts,Italian,Chinese,Bar,Cafeteria,Family,Coffee Shop,Contemporary,Latin American,Diner,Burgers,Mexican,Hot Dogs,Afghan,Australian","Unicol's Pizza",Italian
U1102,Pizzeria,"El Lechon Potosino ",International
U1102,Pizzeria,"Hamburguesas Valle Dorado",Burgers
U1102,Pizzeria,Sirlone,International
U1102,Pizzeria,"Tortas Y Hamburguesas El Gordo",Burgers
U1103,Mexican,"Carnitas Mata",Mexican
U1103,Mexican,"Gorditas DoÃ±a Tota",Mexican
U1103,Mexican,"Little Caesars",Pizzeria
U1103,Mexican,"Little Pizza Emilio Portes Gil",Armenian
U1103,Mexican,"Palomo Tec",Mexican
U1103,Mexican,"Tacos Abi",Mexican
U1103,Mexican,"Taqueria El Amigo ",Mexican
U1103,Mexican,Vips,Mexican
U1104,Italian,"Cafeteria Y Restaurant El Pacifico",Cafeteria
U1104,Italian,"Cafeteria Y Restaurant El Pacifico",Contemporary
U1104,Italian,"El Rincon De San Francisco",Mexican
U1104,Italian,"Gorditas Doa Gloria",Mexican
U1104,Italian,"La Cantina Restaurante",Bar
U1104,Italian,"La Cantina Restaurante",Brewery
U1104,Italian,"Luna Cafe",Bar
U1104,Italian,"Luna Cafe",Cafeteria
U1104,Italian,"Preambulo Wifi Zone Cafe",Cafeteria
U1104,Italian,"Preambulo Wifi Zone Cafe","Coffee Shop"
U1104,Italian,"Puesto De Tacos",Mexican
U1104,Italian,"Restaurant De Mariscos De Picon",Seafood
U1104,Italian,"Tortas Locas Hipocampo","Fast Food"
U1105,Cafeteria,"Abondance Restaurante Bar",Bar
U1105,Cafeteria,"El Herradero Restaurante And Bar",Bar
U1105,Cafeteria,"La Cantina Restaurante",Bar
U1105,Cafeteria,"La Cantina Restaurante",Brewery
U1105,Cafeteria,"Restaurant De Mariscos De Picon",Seafood
U1105,Cafeteria,"Restaurante Y Pescaderia Tampico",Seafood
U1106,Barbecue,"Cabana Huasteca",Mexican
U1106,Barbecue,"Cafeteria Y Restaurant El Pacifico",Cafeteria
U1106,Barbecue,"Cafeteria Y Restaurant El Pacifico",Contemporary
U1106,Barbecue,"El RincÃ³n De San Francisco",Mexican
U1106,Barbecue,"Gorditas Doa Gloria",Mexican
U1106,Barbecue,"Koye Sushi",Chinese
U1106,Barbecue,"La Cantina Restaurante",Bar
U1106,Barbecue,"La Cantina Restaurante",Brewery
U1106,Barbecue,"La Posada Del Virrey",International
U1106,Barbecue,"La Virreina",Mexican
U1106,Barbecue,"Luna Cafe",Bar
U1106,Barbecue,"Luna Cafe",Cafeteria
U1106,Barbecue,"Preambulo Wifi Zone Cafe",Cafeteria
U1106,Barbecue,"Preambulo Wifi Zone Cafe","Coffee Shop"
U1106,Barbecue,"Restaurant De Mariscos De Picon",Seafood
U1106,Barbecue,"Restaurant Oriental Express",Chinese
U1106,Barbecue,"Tortas Locas Hipocampo","Fast Food"
U1106,Barbecue,"Unicol's Pizza",Italian
U1107,Mexican,"Gorditas DoÃ±a Tota",Mexican
U1107,Mexican,"Little Caesars",Pizzeria
U1108,"American,Fast Food,Deli,Hot Dogs,Mexican,Latin American,Coffee Shop,Sushi,Chinese,Seafood,Burgers,Ice Cream,Asian,Pizzeria,Cafeteria,Japanese,Game,Family","Cafe Chaires",Cafeteria
U1108,"Deli,Chinese,Hot Dogs,Burgers,Coffee Shop,Asian,Ice Cream,Cafeteria,Pizzeria,Fast Food,Sushi,Japanese,Mexican,Game,Latin American,Family,American,Seafood","Cafeteria Y Restaurant El Pacifico",Cafeteria
U1108,"American,Mexican,Hot Dogs,Ice Cream,Burgers,Deli,Pizzeria,Cafeteria,Seafood,Coffee Shop,Chinese,Sushi,Family,Game,Asian,Latin American,Japanese,Fast Food","Cafeteria Y Restaurant El Pacifico",Contemporary
U1108,"American,Deli,Coffee Shop,Mexican,Fast Food,Hot Dogs,Ice Cream,Asian,Pizzeria,Sushi,Latin American,Chinese,Cafeteria,Game,Japanese,Family,Seafood,Burgers","Gordas De Morales",Mexican
U1108,"Fast Food,Japanese,Burgers,Pizzeria,Sushi,Coffee Shop,Game,Latin American,American,Cafeteria,Mexican,Ice Cream,Hot Dogs,Asian,Deli,Chinese,Seafood,Family","La Virreina",Mexican
U1108,"Fast Food,Ice Cream,Coffee Shop,Sushi,Burgers,Game,Pizzeria,Latin American,Deli,Japanese,Cafeteria,Family,Mexican,Chinese,Hot Dogs,American,Asian,Seafood","Mariscos El Pescador",Seafood
U1108,"Game,Fast Food,Chinese,American,Asian,Mexican,Deli,Cafeteria,Japanese,Pizzeria,Sushi,Latin American,Ice Cream,Family,Coffee Shop,Burgers,Seafood,Hot Dogs","McDonalds Parque Tangamanga",Burgers
U1108,"Game,Sushi,Fast Food,Cafeteria,Family,Latin American,Asian,Japanese,Deli,Chinese,Burgers,Ice Cream,Coffee Shop,Seafood,American,Hot Dogs,Pizzeria,Mexican","McDonalds Parque Tangamanga","Fast Food"
U1108,"Mexican,Game,Cafeteria,Sushi,Family,Seafood,Asian,Burgers,American,Deli,Pizzeria,Chinese,Coffee Shop,Latin American,Hot Dogs,Ice Cream,Japanese,Fast Food","Restaurante El Reyecito","Fast Food"
U1108,"Deli,Mexican,Ice Cream,Chinese,Sushi,Family,American,Japanese,Asian,Fast Food,Game,Coffee Shop,Hot Dogs,Pizzeria,Burgers,Seafood,Latin American,Cafeteria","Restaurante La Parroquia Potosina",Contemporary
U1108,"Chinese,Ice Cream,Game,Burgers,Cafeteria,Coffee Shop,Sushi,Seafood,Japanese,Latin American,Deli,Mexican,Hot Dogs,American,Family,Fast Food,Asian,Pizzeria","Restaurante Tiberius",Pizzeria
U1108,"Pizzeria,Family,Asian,Burgers,Ice Cream,Fast Food,Game,American,Hot Dogs,Mexican,Japanese,Deli,Latin American,Seafood,Cafeteria,Sushi,Coffee Shop,Chinese","Tortas Locas Hipocampo","Fast Food"
U1109,Mexican,"Cafeteria Y Restaurant El Pacifico",Cafeteria
U1109,Mexican,"Cafeteria Y Restaurant El Pacifico",Contemporary
U1109,Mexican,"La Virreina",Mexican
U1109,Mexican,"Pizzeria Julios",American
U1109,Mexican,"Puesto De Tacos",Mexican
U1109,Mexican,"Restaurant Oriental Express",Chinese
U1109,Mexican,"Restaurante Tiberius",Pizzeria
U1109,Mexican,"Tortas Locas Hipocampo","Fast Food"
U1109,Mexican,"Unicol's Pizza",Italian
U1110,Mexican,"Kiku Cuernavaca",Japanese
U1110,Mexican,"Restaurant Familiar El Chino",Vietnamese
U1110,Mexican,Subway,"Fast Food"
U1111,Mexican,"Cenaduria El RincÃ³n De Tlaquepaque",Mexican
U1111,Mexican,"Dominos Pizza",Pizzeria
U1111,Mexican,"Hamburguesas Valle Dorado",Burgers
U1111,Mexican,KFC,American
U1111,Mexican,KFC,Game
U1111,Mexican,"Restaurante La Cantina",Bar
U1111,Mexican,"Restaurante La Cantina",Brewery
U1111,Mexican,Sirlone,International
U1111,Mexican,"Tortas Y Hamburguesas El Gordo",Burgers
U1112,Mexican,"Cafe Chaires",Cafeteria
U1112,Mexican,Crudalia,Bar
U1112,Mexican,"Gorditas Doa Gloria",Mexican
U1112,Mexican,"Koye Sushi",Chinese
U1112,Mexican,"La Cantina",Bar
U1112,Mexican,"La Cantina",Brewery
U1112,Mexican,"La Parroquia",Breakfast
U1112,Mexican,"La Posada Del Virrey",International
U1112,Mexican,"McDonalds Parque Tangamanga",Burgers
U1112,Mexican,"McDonalds Parque Tangamanga","Fast Food"
U1112,Mexican,"Restaurante Bar Fu-Hao",Bar
U1112,Mexican,"Restaurante El Reyecito","Fast Food"
U1113,Burgers,"Cafeteria Y Restaurant El Pacifico",Cafeteria
U1113,Burgers,"Cafeteria Y Restaurant El Pacifico",Contemporary
U1113,Burgers,"El Herradero Restaurante And Bar",Bar
U1113,Burgers,"Koye Sushi",Chinese
U1113,Burgers,"Restaurante El Reyecito","Fast Food"
U1113,Burgers,Sirlone,International
U1113,Burgers,"Tortas Locas Hipocampo","Fast Food"
U1113,Burgers,"Unicol's Pizza",Italian
U1114,Mexican,"Cabana Huasteca",Mexican
U1114,Mexican,"Gordas De Morales",Mexican
U1114,Mexican,"Gorditas Doa Gloria",Mexican
U1114,Mexican,"La Estrella De Dimas",Mexican
U1114,Mexican,"La Fontana Pizza Restaurante And Cafe",Cafeteria
U1114,Mexican,"La Fontana Pizza Restaurante And Cafe","Fast Food"
U1114,Mexican,"La Fontana Pizza Restaurante And Cafe",Pizzeria
U1114,Mexican,"Pizzeria Julios",American
U1114,Mexican,"Puesto De Tacos",Mexican
U1114,Mexican,"Restaurante Tiberius",Pizzeria
U1114,Mexican,"Sushi Itto",Japanese
U1114,Mexican,Vips,American
U1115,Regional,"Abondance Restaurante Bar",Bar
U1115,Regional,"El Herradero Restaurante And Bar",Bar
U1115,Regional,"Restaurante La Cantina",Bar
U1115,Regional,"Restaurante La Cantina",Brewery
U1115,Regional,"Restaurante Y Pescaderia Tampico",Seafood
U1116,Mexican,"El Rincon De San Francisco",Mexican
U1116,Mexican,"Gorditas Doa Gloria",Mexican
U1116,Mexican,"La Cantina Restaurante",Bar
U1116,Mexican,"La Cantina Restaurante",Brewery
U1116,Mexican,"Preambulo Wifi Zone Cafe",Cafeteria
U1116,Mexican,"Preambulo Wifi Zone Cafe","Coffee Shop"
U1116,Mexican,"Puesto De Tacos",Mexican
U1116,Mexican,"Restaurant Bar Hacienda Los Martinez",Bar
U1116,Mexican,"Restaurant Orizatlan",Mexican
U1116,Mexican,"Restaurante Marisco Sam",Seafood
U1116,Mexican,"Tortas Locas Hipocampo","Fast Food"
U1117,Turkish,"Cafeteria Cenidet",Cafeteria
U1117,Turkish,"El Cotorreo",Family
U1117,Turkish,"El Cotorreo",Mexican
U1117,Turkish,"El Oceano Dorado",Mexican
U1117,Turkish,Mikasa,Japanese
U1118,Pizzeria,"Mariscos Tia Licha",Family
U1118,Pizzeria,"McDonalds Centro",American
U1118,Pizzeria,"Restaurant And Bar And Clothesline Carlos N Charlies",Bar
U1118,Pizzeria,"Restaurant And Bar And Clothesline Carlos N Charlies",Brewery
U1118,Pizzeria,Subway,"Fast Food"
U1119,Mexican,"Mariscos Tia Licha",Family
U1119,Mexican,"McDonalds Centro",American
U1119,Mexican,"Restaurant Las MaÃ±anitas",International
U1119,Mexican,Subway,"Fast Food"
U1120,Mexican,"Cafeteria Y Restaurant El Pacifico",Cafeteria
U1120,Mexican,"Cafeteria Y Restaurant El Pacifico",Contemporary
U1120,Mexican,"Cenaduria El RincÃ³n De Tlaquepaque",Mexican
U1120,Mexican,"El Herradero Restaurante And Bar",Bar
U1120,Mexican,"El Lechon Potosino ",International
U1120,Mexican,"La Cantina",Bar
U1120,Mexican,"La Cantina",Brewery
U1120,Mexican,"Tortas Locas Hipocampo","Fast Food"
U1121,Mexican,"Kiku Cuernavaca",Japanese
U1121,Mexican,"Restaurant Bar Coty Y Pablo",Bar
U1121,Mexican,"Restaurant Familiar El Chino",Vietnamese
U1121,Mexican,Subway,"Fast Food"
U1122,Afghan,"Cabana Huasteca",Mexican
U1122,Afghan,"Gorditas Doa Gloria",Mexican
U1122,Afghan,"Koye Sushi",Chinese
U1122,Afghan,"La Fontana Pizza Restaurante And Cafe",Cafeteria
U1122,Afghan,"La Fontana Pizza Restaurante And Cafe","Fast Food"
U1122,Afghan,"La Fontana Pizza Restaurante And Cafe",Pizzeria
U1122,Afghan,"Pizzeria Julios",American
U1122,Afghan,"Preambulo Wifi Zone Cafe",Cafeteria
U1122,Afghan,"Preambulo Wifi Zone Cafe","Coffee Shop"
U1122,Afghan,"Restaurante Tiberius",Pizzeria
U1122,Afghan,"Tortas Locas Hipocampo","Fast Food"
U1123,Mexican,"Carnitas Mata",Mexican
U1123,Mexican,"Carreton De Flautas Y Migadas",Mexican
U1123,Mexican,"Gorditas DoÃ±a Tota",Mexican
U1123,Mexican,"Hamburguesas La Perica",Mexican
U1123,Mexican,"Little Caesars",Pizzeria
U1123,Mexican,"Little Pizza Emilio Portes Gil",Armenian
U1123,Mexican,"Tacos De Barbacoa Enfrente Del Tec",Mexican
U1123,Mexican,Vips,Mexican
U1124,Mexican,"Abondance Restaurante Bar",Bar
U1124,Mexican,"Cafeteria Y Restaurant El Pacifico",Cafeteria
U1124,Mexican,"Cafeteria Y Restaurant El Pacifico",Contemporary
U1124,Mexican,"El Herradero Restaurante And Bar",Bar
U1124,Mexican,"Restaurant De Mariscos De Picon",Seafood
U1124,Mexican,"Restaurante La Cantina",Bar
U1124,Mexican,"Restaurante La Cantina",Brewery
U1124,Mexican,"Restaurante Y Pescaderia Tampico",Seafood
U1125,Mexican,"Cafeteria Y Restaurant El Pacifico",Cafeteria
U1125,Mexican,"Cafeteria Y Restaurant El Pacifico",Contemporary
U1125,Mexican,"Pizza Clasica","Fast Food"
U1125,Mexican,"Pizza Clasica",Pizzeria
U1125,Mexican,"Restaurant Oriental Express",Chinese
U1125,Mexican,"Restaurante Marisco Sam",Seafood
U1126,Mexican,"Abondance Restaurante Bar",Bar
U1126,Mexican,"El Herradero Restaurante And Bar",Bar
U1126,Mexican,"El RincÃ³n De San Francisco",Mexican
U1126,Mexican,"La Cantina Restaurante",Bar
U1126,Mexican,"La Cantina Restaurante",Brewery
U1126,Mexican,"Luna Cafe",Bar
U1126,Mexican,"Luna Cafe",Cafeteria
U1126,Mexican,"Restaurante Y Pescaderia Tampico",Seafood
U1127,Mexican,Subway,"Fast Food"
U1128,"Cafeteria,Hot Dogs,Mexican,Pizzeria",Crudalia,Bar
U1128,"Hot Dogs,Pizzeria,Mexican,Cafeteria","El Pueblito",Mexican
U1128,"Cafeteria,Hot Dogs,Pizzeria,Mexican","Koye Sushi",Chinese
U1128,"Hot Dogs,Pizzeria,Mexican,Cafeteria","La Fontana Pizza Restaurante And Cafe",Cafeteria
U1128,"Cafeteria,Hot Dogs,Pizzeria,Mexican","La Fontana Pizza Restaurante And Cafe","Fast Food"
U1128,"Pizzeria,Hot Dogs,Mexican,Cafeteria","La Fontana Pizza Restaurante And Cafe",Pizzeria
U1128,"Cafeteria,Hot Dogs,Mexican,Pizzeria","La Parroquia",Breakfast
U1128,"Hot Dogs,Pizzeria,Mexican,Cafeteria","Pizzeria Julios",American
U1128,"Cafeteria,Pizzeria,Hot Dogs,Mexican","Restaurante Marisco Sam",Seafood
U1128,"Mexican,Hot Dogs,Pizzeria,Cafeteria","Restaurante Tiberius",Pizzeria
U1128,"Cafeteria,Pizzeria,Mexican,Hot Dogs","Shi Ro Ie",Japanese
U1128,"Pizzeria,Mexican,Cafeteria,Hot Dogs",Vips,American
U1129,Mexican,"Gorditas Dona Tota",Mexican
U1129,Mexican,"Tacos Correcaminos",Mexican
U1130,Mexican,"Gorditas Dona Tota",Mexican
U1130,Mexican,"La Perica Hamburguesa",Italian
U1131,Mexican,Chaires,Bakery
U1131,Mexican,Chaires,Cafeteria
U1131,Mexican,"Dominos Pizza",Pizzeria
U1131,Mexican,KFC,American
U1131,Mexican,KFC,Game
U1131,Mexican,"Restaurante Y Pescaderia Tampico",Seafood
U1131,Mexican,"Tortas Y Hamburguesas El Gordo",Burgers
U1132,Mexican,"Cafeteria Y Restaurant El Pacifico",Cafeteria
U1132,Mexican,"Cafeteria Y Restaurant El Pacifico",Contemporary
U1132,Mexican,"El Rincon De San Francisco",Mexican
U1132,Mexican,"La Cantina Restaurante",Bar
U1132,Mexican,"La Cantina Restaurante",Brewery
U1132,Mexican,"La Virreina",Mexican
U1132,Mexican,"Puesto De Tacos",Mexican
U1132,Mexican,"Restaurant Orizatlan",Mexican
U1132,Mexican,"Tortas Locas Hipocampo","Fast Food"
U1133,Mexican,Mikasa,Japanese
U1133,Mexican,"Restaurant And Bar And Clothesline Carlos N Charlies",Bar
U1133,Mexican,"Restaurant And Bar And Clothesline Carlos N Charlies",Brewery
U1133,Mexican,"Restaurant Bar Coty Y Pablo",Bar
U1133,Mexican,"Restaurant Familiar El Chino",Vietnamese
U1133,Mexican,"Restaurant Las MaÃ±anitas",International
U1133,Mexican,Subway,"Fast Food"
U1134,Mexican,"Cabana Huasteca",Mexican
U1134,Mexican,"Cafe Chaires",Cafeteria
U1134,Mexican,"Koye Sushi",Chinese
U1134,Mexican,"La Cantina",Bar
U1134,Mexican,"La Cantina",Brewery
U1134,Mexican,"La Cochinita Pibil Restaurante Yucateco",Mexican
U1134,Mexican,"Mariscos El Pescador",Seafood
U1134,Mexican,"Puesto De Tacos",Mexican
U1134,Mexican,"Restaurant Bar Hacienda Los Martinez",Bar
